{
  "mae": 0.00019618571428576753,
  "rmse": 0.0009652864905874961,
  "r2": 0.9833134310725157,
  "current_day": "2017-12-28",
  "current_actual": 0.0,
  "current_prediction": 0.005254841269841268
}